frame,p1_health,p2_health,p1_damage_event,0x080,0x074,0x070,0x0D0,0x094,0x0C0,0x19C
0,65536,65536,0,63,0,65537,47,0,0,2
1,65536,65536,0,63,0,65537,47,0,0,2
2,65536,65536,0,62,0,65537,47,0,0,2
3,65536,65536,0,61,0,65537,47,0,0,2
4,65536,65536,0,61,0,65537,47,0,0,2
5,65536,65536,0,60,0,65537,47,0,0,2
6,65536,65536,0,60,0,65537,47,0,0,2
7,65536,65536,0,59,0,65537,47,0,0,2
8,65536,65536,0,59,0,65537,47,0,0,2
9,65536,65536,0,59,0,65537,47,0,0,2
10,65536,65536,0,58,0,65537,47,0,0,2
11,65536,65536,0,57,0,65537,47,0,0,2
12,65536,65536,0,57,0,65537,47,0,0,2
13,65536,65536,0,56,0,65537,47,0,0,2
14,65536,65536,0,56,0,65537,47,0,0,2
15,65536,65536,0,56,0,65537,47,0,0,2
16,65536,65536,0,55,0,65537,47,0,0,2
17,65536,65536,0,55,0,65537,47,0,0,2
18,65536,65536,0,54,0,65537,47,0,0,2
19,65536,65536,0,54,0,65537,47,0,0,2
20,65536,65536,0,53,0,65537,47,0,0,2
21,65536,65536,0,53,0,65537,47,0,0,2
22,65536,65536,0,52,0,65537,47,0,0,2
23,65536,65536,0,51,0,65537,47,0,0,2
24,65536,65536,0,51,0,65537,47,0,0,2
25,65536,65536,0,51,0,65537,47,0,0,2
26,65536,65536,0,50,0,65537,47,0,0,2
27,65536,65536,0,49,0,65537,47,0,0,2
28,65536,65536,0,49,0,65537,47,0,0,2
29,65536,65536,0,49,0,65537,47,0,0,2
30,65536,65536,0,48,0,65537,47,0,0,2
31,65536,65536,0,47,0,65537,47,0,0,2
32,65536,65536,0,47,0,65537,47,0,0,2
33,65536,65536,0,46,0,65537,47,0,0,2
34,65536,65536,0,46,0,65537,47,0,0,2
35,65536,65536,0,45,0,65537,47,0,0,2
36,65536,65536,0,45,0,65537,47,0,0,2
37,65536,65536,0,45,0,65537,47,0,0,2
38,65536,65536,0,45,0,65537,47,0,0,2
39,65536,65536,0,45,0,65537,47,0,0,2
40,65536,65536,0,45,0,65537,47,0,0,2
41,65536,65536,0,45,0,65537,47,0,0,2
42,65536,65536,0,45,0,65537,47,0,0,2
43,65536,65536,0,45,0,65537,47,0,0,2
44,65536,65536,0,45,0,65537,47,0,0,2
45,65536,65536,0,45,0,65537,47,0,0,2
46,65536,65536,0,45,0,65537,47,0,0,2
47,65536,65536,0,45,0,65537,47,0,0,2
48,65536,65536,0,45,0,65537,47,0,0,2
49,65536,65536,0,45,0,65537,47,0,0,2
50,65536,65536,0,45,0,65537,47,0,0,2
51,65536,65536,0,45,0,65537,47,0,0,2
52,65536,65536,0,45,0,65537,47,0,0,2
53,65536,65536,0,45,0,65537,47,0,0,2
54,65536,65536,0,45,0,65537,47,0,0,2
55,65536,65536,0,45,0,65537,47,0,0,2
56,65536,65536,0,45,0,65537,47,0,0,2
57,65536,65536,0,45,0,65537,47,0,0,2
58,65536,65536,0,45,0,65537,47,0,0,2
59,65536,65536,0,45,0,65537,47,0,0,2
60,65536,65536,0,45,0,65537,47,0,0,2
61,65536,65536,0,45,0,65537,47,0,0,2
62,65536,65536,0,45,0,65537,47,0,0,2
63,65536,65536,0,45,0,65537,47,0,0,2
64,65536,65536,0,45,0,65537,47,0,0,2
65,65536,65536,0,45,0,65537,47,0,0,2
66,65536,65536,0,45,0,65537,47,0,0,2
67,65536,65536,0,45,0,65537,47,0,0,2
68,65536,65536,0,45,0,65537,47,0,0,2
69,65536,65536,0,44,0,65537,47,0,0,2
70,65536,65536,0,44,0,65537,47,0,0,2
71,65536,65536,0,43,0,65537,47,0,0,2
72,65536,65536,0,43,0,65537,47,0,0,2
73,65536,65536,0,42,0,65537,47,0,0,2
74,65536,65536,0,42,0,65537,47,0,0,2
75,65536,65536,0,42,0,65537,47,0,0,2
76,65536,65536,0,41,0,65537,47,0,0,2
77,65536,65536,0,40,0,65537,47,0,0,2
78,65536,65536,0,40,0,65537,47,0,0,2
79,65536,65536,0,39,0,65537,47,0,0,2
80,65536,65536,0,39,0,65537,47,0,0,2
81,65536,65536,0,38,0,65537,47,0,0,2
82,65536,65536,0,38,0,65537,47,0,0,2
83,65536,65536,0,38,0,65537,47,0,0,2
84,65536,65536,0,38,0,65537,47,0,0,2
85,65536,65536,0,38,0,65537,47,0,0,2
86,65536,65536,0,38,0,65537,47,0,0,2
87,65536,65536,0,38,0,65537,47,0,0,2
88,65536,65536,0,38,0,65537,47,0,0,2
89,65536,65536,0,38,0,65537,47,0,0,2
90,65536,65536,0,38,0,65537,47,0,0,2
91,65536,65536,0,38,0,65537,47,0,0,2
92,65536,65536,0,38,0,65537,47,0,0,2
93,65536,65536,0,38,0,65537,47,0,0,2
94,65536,65536,0,38,0,65537,47,0,0,2
95,65536,65536,0,38,0,65537,47,0,0,2
96,65536,65536,0,38,0,65537,47,0,0,2
97,65536,65536,0,38,0,65537,47,0,0,2
98,65536,65536,0,38,0,65537,47,0,0,2
99,65536,65536,0,37,0,65537,47,0,0,2
100,65536,65536,0,37,0,65537,47,0,0,2
101,65536,65536,0,36,0,65537,47,0,0,2
102,65536,65536,0,36,0,65537,47,0,0,2
103,65536,65536,0,35,0,65537,47,0,0,2
104,65536,65536,0,35,0,65537,47,0,0,2
105,65536,65536,0,34,0,65537,47,0,0,2
106,65536,65536,0,34,0,65537,47,0,0,2
107,65536,65536,0,33,0,65537,47,0,0,2
108,65536,65536,0,33,0,65537,47,0,0,2
109,65536,65536,0,32,0,65537,47,0,0,2
110,65536,65536,0,32,0,65537,47,0,0,2
111,65536,65536,0,31,0,65537,47,0,0,2
112,65536,65536,0,31,0,65537,47,0,0,2
113,53740,65536,1,30,4294963937,65450,47,0,0,2
114,53740,65536,0,30,4294963937,65450,47,0,0,2
115,53740,65536,0,29,0,65536,49,0,0,2
116,53740,65536,0,29,0,65536,49,0,0,2
117,53740,65536,0,29,0,65536,49,0,0,2
118,53740,65536,0,28,4294966953,65536,49,0,0,2
119,53740,65536,0,28,4294966953,65536,49,0,0,2
120,53740,65536,0,27,4294966673,65533,49,0,0,2
121,53740,65536,0,26,4294966441,65530,49,0,0,2
122,53740,65536,0,26,4294966441,65530,49,0,0,2
123,53740,65536,0,25,4294966245,65528,49,0,0,2
124,53740,65536,0,25,4294966245,65528,49,0,0,2
125,53740,65536,0,24,4294966078,65524,50,0,0,2
126,53740,65536,0,24,4294966078,65524,50,0,0,2
127,53740,65536,0,23,4294965933,65522,50,0,0,2
128,53740,65536,0,23,4294965933,65522,50,0,0,2
129,53740,65536,0,22,4294965807,65519,50,0,0,2
130,53740,65536,0,22,4294965807,65519,50,0,0,2
131,53740,65536,0,21,4294965695,65516,50,0,0,2
132,53740,65536,0,21,4294965695,65516,50,0,0,2
133,53740,65536,0,21,4294965695,65516,50,0,0,2
134,53740,65536,0,20,4294965597,65514,50,0,0,2
135,53740,65536,0,19,4294965508,65511,50,0,0,2
136,53740,65536,0,19,4294965508,65511,50,0,0,2
137,53740,65536,0,18,4294965429,65509,50,0,0,2
138,53740,65536,0,18,4294965429,65509,50,0,0,2
139,53740,65536,0,18,4294965429,65509,50,0,0,2
140,53740,65536,0,17,4294965358,65507,50,0,0,2
141,53740,65536,0,16,4294965293,65505,52,0,0,2
142,53740,65536,0,16,4294965293,65505,52,0,0,2
143,53740,65536,0,15,4294965233,65503,52,0,0,2
144,53740,65536,0,15,4294965233,65503,52,0,0,2
145,53740,65536,0,14,4294965179,65502,52,0,0,2
146,53740,65536,0,14,4294965179,65502,52,0,0,2
147,53740,65536,0,13,4294965129,65500,52,0,0,2
148,53740,65536,0,13,4294965129,65500,52,0,0,2
149,53740,65536,0,12,4294965083,65498,52,0,0,2
150,53740,65536,0,12,4294965083,65498,52,0,0,2
151,53740,65536,0,11,4294965040,65497,52,0,0,2
152,53740,65536,0,11,4294965040,65497,52,0,0,2
153,53740,65536,0,10,4294965001,65495,52,0,0,2
154,53740,65536,0,10,4294965001,65495,52,0,0,2
155,53740,65536,0,9,4294965001,65495,52,0,0,2
156,53740,65536,0,9,4294965001,65495,52,0,0,2
157,53740,65536,0,8,4294965001,65495,54,0,0,2
158,53740,65536,0,8,4294965001,65495,54,0,0,2
159,53740,65536,0,7,4294965001,65495,54,0,0,2
160,53740,65536,0,7,4294965001,65495,54,0,0,2
161,53740,65536,0,6,4294965001,65495,54,0,0,2
162,53740,65536,0,6,4294965001,65495,54,0,0,2
163,53740,65536,0,5,4294965001,65496,54,0,0,2
164,53740,65536,0,5,4294965001,65496,54,0,0,2
165,53740,65536,0,5,4294965001,65496,54,0,0,2
166,53740,65536,0,4,4294965001,65495,54,0,0,2
167,53740,65536,0,4,4294965001,65495,54,0,0,2
168,53740,65536,0,4,4294965001,65495,54,0,0,2
169,53740,65536,0,4,4294965001,65496,54,0,0,2
170,53740,65536,0,4,4294965001,65496,54,0,0,2
171,53740,65536,0,4,4294965001,65496,54,0,0,2
172,53740,65536,0,4,4294965002,65495,54,0,0,2
173,53740,65536,0,4,4294965002,65496,54,0,0,2
174,53740,65536,0,4,4294965002,65495,54,0,0,2
175,53740,65536,0,4,4294965002,65495,54,0,0,2
176,53740,65536,0,4,4294965002,65495,54,0,0,2
177,53740,65536,0,4,4294965002,65495,54,0,0,2
178,53740,65536,0,4,4294965002,65496,54,0,0,2
179,53740,65536,0,4,4294965002,65496,54,0,0,2
180,53740,65536,0,4,4294965002,65495,55,0,0,2
181,53740,65536,0,4,4294965002,65495,55,0,0,2
182,53740,65536,0,4,4294965002,65495,55,0,0,2
183,53740,65536,0,4,4294965002,65496,55,0,0,2
184,53740,65536,0,4,4294965002,65496,55,0,0,2
185,53740,65536,0,4,4294965003,65495,55,0,0,2
186,53740,65536,0,4,4294965003,65495,55,0,0,2
187,53740,65536,0,4,4294965003,65495,55,0,0,2
188,53740,65536,0,4,4294965003,65496,55,0,0,2
189,53740,65536,0,4,4294965003,65496,55,0,0,2
190,53740,65536,0,4,4294965003,65495,55,0,260752,2
191,53740,65536,0,4,4294965003,65495,55,0,260752,2
192,53740,65536,0,4,4294965003,65495,55,0,0,2
193,53740,65536,0,4,4294965003,65496,55,0,0,2
194,53740,65536,0,4,4294965003,65496,55,0,0,2
195,53740,65536,0,4,4294965003,65496,55,0,0,2
196,53740,65536,0,4,4294965003,65496,55,0,0,2
197,53740,65536,0,4,4294965003,65496,55,0,0,2
198,53740,65536,0,4,4294965003,65495,55,0,0,2
199,53740,65536,0,4,4294965003,65495,55,0,0,2
200,53740,65536,0,4,4294965003,65495,55,0,0,2
201,53740,65536,0,4,4294965003,65495,55,0,0,2
202,53740,65536,0,4,4294965003,65496,55,0,260752,2
203,53740,65536,0,4,4294965003,65496,55,0,260752,2
204,53740,65536,0,4,4294965003,65496,56,0,260752,2
205,53740,65536,0,4,4294965003,65496,56,0,260752,2
206,53740,65536,0,4,4294965003,65496,56,0,260752,2
207,53740,65536,0,4,4294965003,65496,56,0,260752,2
208,53740,65536,0,4,4294965003,65495,56,0,260752,2
209,53740,65536,0,4,4294965003,65495,56,0,260752,2
210,53740,65536,0,4,4294965003,65495,56,0,260752,2
211,53740,65536,0,4,4294965003,65496,56,0,260752,2
212,53740,65536,0,4,4294965003,65496,56,0,260752,2
213,53740,65536,0,4,4294965003,65496,56,0,260752,2
214,53740,65536,0,4,4294965003,65496,56,0,260752,2
215,53740,65536,0,4,4294965003,65496,56,0,260752,2
216,53740,65536,0,4,4294965003,65496,56,0,260752,2
217,53740,65536,0,4,4294965003,65495,56,0,260752,2
218,53740,65536,0,4,4294965003,65495,56,0,260752,2
219,53740,65536,0,4,4294965003,65495,56,0,260752,2
220,53740,65536,0,4,4294965002,65495,56,0,260752,2
221,53740,65536,0,4,4294965002,65496,56,0,260752,2
222,53740,65536,0,4,4294965002,65496,56,0,260752,2
223,53740,65536,0,4,4294965002,65496,56,0,260752,2
224,53740,65536,0,4,4294965002,65496,56,0,260752,2
225,53740,65536,0,4,4294965002,65496,56,0,260752,2
226,53740,65536,0,4,4294965002,65496,56,0,260752,2
227,53740,65536,0,4,4294965002,65495,57,0,260752,2
228,53740,65536,0,4,4294965002,65495,57,0,260752,2
229,53740,65536,0,4,4294965002,65495,57,0,260752,2
230,53740,65536,0,4,4294965002,65495,57,0,260752,2
231,53740,65536,0,4,4294965002,65496,57,0,260752,2
232,53740,65536,0,4,4294965002,65496,57,0,260752,2
233,53740,65536,0,3,4294965002,65496,57,0,260752,2
234,53740,65536,0,3,4294965002,65496,57,0,260752,2
235,53740,65536,0,3,4294965002,65496,57,0,260752,2
236,53740,65536,0,2,4294965002,65496,58,0,260752,2
237,53740,65536,0,1,4294965002,65495,58,0,260752,2
238,53740,65536,0,1,4294965002,65495,58,0,260752,2
239,53740,65536,0,0,4294965002,65495,58,0,260752,2
240,53740,65536,0,0,4294965002,65495,58,0,260752,2
241,53740,65536,0,0,4294965002,65495,59,0,260785,2
242,53740,65536,0,0,4294965002,65495,59,0,260785,2
243,53740,65536,0,0,4294965002,65495,59,0,260785,2
244,53740,65536,0,0,4294965002,65495,59,0,260785,2
245,53740,65536,0,0,4294965002,65495,59,0,260785,2
246,53740,65536,0,0,4294965002,65495,59,0,260785,2
247,53740,65536,0,0,4294965002,65495,59,0,260785,2
248,53740,65536,0,0,4294965002,65495,59,0,260785,2
249,53740,65536,0,0,4294965002,65495,59,0,260785,2
250,53740,65536,0,0,4294965002,65495,59,0,260785,2
251,53740,65536,0,0,4294965002,65495,59,0,260785,2
252,53740,65536,0,0,4294965002,65495,59,0,260785,2
253,53740,65536,0,0,4294965002,65495,59,0,260785,2
254,53740,65536,0,0,4294965002,65495,59,0,260785,2
255,53740,65536,0,0,4294965002,65495,59,0,260785,2
256,53740,65536,0,0,4294965002,65495,59,0,260785,2
257,53740,65536,0,0,4294965002,65495,59,0,260785,2
258,53740,65536,0,0,4294965002,65495,59,0,260785,2
259,53740,65536,0,0,4294965002,65495,59,0,260785,2
260,53740,65536,0,0,4294965002,65495,59,0,260785,2
261,53740,65536,0,0,4294965002,65495,59,0,260785,2
262,53740,65536,0,0,4294965002,65495,59,0,260785,2
263,53740,65536,0,0,4294965002,65495,59,0,260785,2
264,53740,65536,0,0,4294965002,65495,59,0,260785,2
265,53740,65536,0,0,4294965002,65495,59,0,260785,2
266,53740,65536,0,0,4294965002,65495,59,0,260785,2
267,53740,65536,0,0,4294965002,65495,59,0,260785,2
268,53740,65536,0,0,4294965002,65495,59,0,260785,2
269,53740,65536,0,0,4294965002,65495,59,0,260785,2
270,53740,65536,0,0,4294965002,65495,59,0,260785,2
271,53740,65536,0,0,4294965002,65495,59,0,260785,2
272,53740,65536,0,0,4294965002,65495,59,0,260785,2
273,53740,65536,0,0,4294965002,65495,59,0,260785,2
274,53740,65536,0,0,4294965002,65495,59,0,260785,2
275,53740,65536,0,0,4294965002,65495,59,0,260785,2
276,53740,65536,0,0,4294965002,65495,59,0,260785,2
277,53740,65536,0,0,4294965002,65495,59,0,260785,2
278,53740,65536,0,0,4294965002,65495,59,0,260785,2
279,53740,65536,0,0,4294965002,65495,59,0,260785,2
280,53740,65536,0,0,4294965002,65495,59,0,260785,2
281,53740,65536,0,0,4294965002,65495,59,0,260785,2
282,53740,65536,0,0,4294965002,65495,59,0,260785,2
283,53740,65536,0,0,4294965002,65495,59,0,260785,2
284,53740,65536,0,0,4294965002,65495,59,0,260785,2
285,53740,65536,0,0,4294965002,65495,59,0,260785,2
286,53740,65536,0,0,4294965002,65495,59,0,260785,2
287,53740,65536,0,0,4294965002,65495,59,0,260785,2
288,53740,65536,0,0,4294965002,65495,59,0,260785,2
289,53740,65536,0,0,4294965002,65495,59,0,260785,2
290,53740,65536,0,0,4294965002,65495,59,0,260785,2
291,53740,65536,0,0,4294965002,65495,59,0,260785,2
292,53740,65536,0,0,4294965002,65495,59,0,260785,2
293,53740,65536,0,0,4294965002,65495,59,0,260785,2
294,53740,65536,0,0,4294965002,65495,59,0,260785,2
295,53740,65536,0,0,4294965002,65495,59,0,260785,2
296,53740,65536,0,0,4294965002,65495,59,0,260785,2
297,53740,65536,0,0,4294965002,65495,59,0,260785,2
298,53740,65536,0,0,4294965002,65495,59,0,260785,2
299,53740,65536,0,0,4294965002,65495,59,0,260785,2
300,53740,65536,0,0,4294965002,65495,59,0,260785,2
301,53740,65536,0,9,4294965002,65495,59,0,260752,2
302,53740,65536,0,9,4294965002,65495,59,0,260752,2
303,53740,65536,0,8,4294965002,65495,59,0,260752,2
304,53740,65536,0,8,4294965002,65495,59,0,260752,2
305,53740,65536,0,8,4294965002,65495,59,0,260752,2
306,53740,65536,0,7,4294965002,65495,59,0,260752,2
307,53740,65536,0,6,4294965002,65495,59,0,260752,2
308,53740,65536,0,6,4294965002,65495,59,0,260752,2
309,53740,65536,0,5,4294965002,65495,59,0,260752,2
310,53740,65536,0,5,4294965002,65495,59,0,260752,2
311,53740,65536,0,4,4294965002,65495,59,0,260752,2
312,53740,65536,0,4,4294965002,65495,59,0,260752,2
313,53740,65536,0,4,4294965002,65495,59,0,260752,2
314,53740,65536,0,3,4294965002,65495,59,0,260752,2
315,53740,65536,0,2,4294965002,65495,61,4294887867,260752,2
316,53740,65536,0,2,4294965002,65495,61,4294887867,260752,2
317,53740,65536,0,2,4294965002,65495,61,4294887867,260752,2
318,53740,65536,0,2,4294965002,65495,61,4294887867,260752,2
319,53740,65536,0,2,4294965002,65495,61,4294887867,260752,2
320,53740,65536,0,2,4294965002,65495,61,4294887867,260752,2
321,53740,65536,0,2,4294965002,65495,61,4294887867,260752,2
322,53740,65536,0,2,4294965002,65495,61,4294887867,260752,2
323,53740,65536,0,2,4294965002,65495,61,4294887867,260752,2
324,53740,65536,0,2,4294965002,65495,61,4294887867,260752,2
325,53740,65536,0,2,4294965001,65496,61,4294887867,260752,2
326,53740,65536,0,2,4294965001,65496,61,4294887867,260752,2
327,53740,65536,0,2,4294965001,65495,61,4294887867,260752,2
328,53740,65536,0,2,4294965001,65495,61,4294887867,260752,2
329,53740,65536,0,2,4294965001,65496,61,4294887867,260752,2
330,53740,65536,0,2,4294965001,65496,61,4294887867,260752,2
331,51775,65536,1,4,4294965000,65496,61,4294887867,0,2
332,51775,65536,0,4,4294965000,65496,61,4294887867,0,2
333,51775,65536,0,3,4294965000,65497,63,4294887867,0,2
334,51775,65536,0,3,4294965000,65497,63,4294887867,0,2
335,51775,65536,0,3,4294965000,65497,63,4294887867,0,2
336,51775,65536,0,2,4294965000,65497,63,4294887867,0,2
337,51775,65536,0,1,4294964999,65495,63,4294887867,0,2
338,51775,65536,0,1,4294964999,65495,63,4294887867,0,2
339,51775,65536,0,0,4294964999,65497,63,4294887867,0,2
340,51775,65536,0,0,4294964999,65497,63,4294887867,0,2
341,51775,65536,0,0,4294964999,65495,63,4294887867,0,2
342,51775,65536,0,0,4294964999,65495,63,4294887867,0,2
343,51775,65536,0,0,4294964999,65497,63,4294887867,0,2
344,51775,65536,0,0,4294964999,65497,63,4294887867,0,2
345,51775,65536,0,0,4294964999,65497,63,4294887867,0,2
346,51775,65536,0,0,4294964999,65497,63,4294887867,0,2
347,51775,65536,0,0,4294964998,65497,63,4294887867,0,2
348,51775,65536,0,0,4294964998,65497,63,4294887867,0,2
349,51775,65536,0,0,4294964998,65497,63,4294887867,0,2
350,51775,65536,0,0,4294964998,65497,63,4294887867,0,2
351,51775,65536,0,0,4294964998,65495,63,4294887867,0,2
352,51775,65536,0,0,4294964998,65495,63,4294887867,0,2
353,51775,65536,0,0,4294964998,65496,63,4294887867,260752,2
354,51775,65536,0,0,4294964998,65496,63,4294887867,260752,2
355,51775,65536,0,0,4294964998,65496,63,4294887867,260752,2
356,51775,65536,0,0,4294964998,65496,63,4294887867,260752,2
357,51775,65536,0,0,4294964998,65496,64,4294887867,260752,2
358,51775,65536,0,0,4294964998,65496,64,4294887867,260752,2
359,51775,65536,0,0,4294964998,65496,64,4294887867,260752,2
360,51775,65536,0,0,4294964998,65495,64,4294887867,260752,2
361,51775,65536,0,0,4294964998,65495,65,4294887867,260752,2
362,51775,65536,0,0,4294964998,65495,65,4294887867,260752,2
363,51775,65536,0,0,4294964998,65495,65,4294887867,260752,2
364,51775,65536,0,0,4294964998,65495,65,4294887867,260752,2
365,51775,65536,0,0,4294964998,65496,65,4294887867,260752,2
366,51775,65536,0,0,4294964998,65496,65,4294887867,260752,2
367,51775,65536,0,0,4294964998,65495,65,4294887867,260752,2
368,51775,65536,0,0,4294964998,65495,65,4294887867,260752,2
369,51775,65536,0,0,4294964998,65495,65,4294887867,260752,2
370,51775,65536,0,0,4294964998,65495,65,4294887867,260752,2
371,51775,65536,0,0,4294964997,65495,65,4294887867,260752,2
372,51775,65536,0,0,4294964997,65495,65,4294887867,260752,2
373,51775,65536,0,0,4294964997,65495,65,4294887867,260752,2
374,51775,65536,0,0,4294964997,65495,65,4294887867,260752,2
375,51775,65536,0,0,4294964997,65495,65,4294887867,260752,2
376,51775,65536,0,0,4294964997,65495,65,4294887867,260752,2
377,51775,65536,0,0,4294964997,65495,65,4294887867,260752,2
378,51775,65536,0,0,4294964997,65495,65,4294887867,260752,2
379,51775,65536,0,0,4294964997,65495,65,4294887867,260752,2
380,51775,65536,0,0,4294964997,65495,65,4294887867,260752,2
381,51775,65536,0,0,4294964997,65495,66,4294887867,260752,2
382,51775,65536,0,0,4294964997,65495,66,4294887867,260752,2
383,51775,65536,0,0,4294964997,65495,66,4294887867,260752,2
384,51775,65536,0,0,4294964997,65495,66,4294887867,260752,2
385,51775,65536,0,0,4294964997,65495,66,4294887867,260752,2
386,51775,65536,0,0,4294964997,65495,66,4294887867,260752,2
387,51775,65536,0,0,4294964997,65495,66,4294887867,260752,2
388,51775,65536,0,0,4294964997,65495,66,4294887867,260752,2
389,51775,65536,0,0,4294964997,65495,66,4294887867,260752,2
390,51775,65536,0,0,4294964997,65495,66,4294887867,260752,2
391,51775,65536,0,0,4294964997,65495,66,4294887867,260752,2
392,51775,65536,0,0,4294964997,65495,66,4294887867,260752,2
393,51775,65536,0,0,4294964997,65495,66,4294887867,260752,2
394,51775,65536,0,0,4294964997,65495,66,4294887867,260752,2
395,51775,65536,0,0,4294964997,65495,66,4294887867,260752,2
396,51775,65536,0,0,4294964997,65495,66,4294887867,260752,2
397,51775,65536,0,0,4294964997,65495,66,4294887867,260752,2
398,51775,65536,0,0,4294964997,65495,66,4294887867,260752,2
399,51775,65536,0,0,4294964997,65495,66,4294887867,260752,2
400,51775,65536,0,0,4294964997,65495,66,4294887867,260752,2
401,51775,65536,0,0,4294964997,65495,66,4294887867,260752,2
402,51775,65536,0,0,4294964997,65495,66,4294887867,260752,2
403,51775,65536,0,0,4294964997,65495,66,4294887867,260752,2
404,51775,65536,0,0,4294964997,65495,66,4294887867,260752,2
405,51775,65536,0,0,4294964997,65495,67,4294887867,260752,2
406,51775,65536,0,0,4294964997,65495,67,4294887867,260752,2
407,51775,65536,0,0,4294964997,65495,67,4294887867,260752,2
408,51775,65536,0,0,4294964997,65495,67,4294887867,260752,2
409,51775,65536,0,0,4294964997,65495,67,4294887867,260752,2
410,51775,65536,0,0,4294964997,65495,67,4294887867,260752,2
411,51775,65536,0,0,4294964997,65495,67,4294887867,260752,2
412,51775,65536,0,0,4294964997,65495,67,4294887867,260752,2
413,51775,65536,0,0,4294964997,65495,67,4294887867,260752,2
414,51775,65536,0,0,4294964997,65495,67,4294887867,260752,2
415,51775,65536,0,0,4294964997,65495,67,4294887867,260752,2
416,51775,65536,0,0,4294964997,65495,67,4294887867,260752,2
417,51775,65536,0,0,4294964997,65495,67,4294887867,260752,2
418,51775,65536,0,0,4294964997,65495,67,4294887867,260752,2
419,51775,65536,0,0,4294964997,65495,67,4294887867,260752,2
420,51775,65536,0,0,4294964997,65495,67,4294887867,260752,2
421,51775,65536,0,0,4294964997,65495,67,4294887867,260752,2
422,51775,65536,0,0,4294964997,65495,67,4294887867,260752,2
423,51775,65536,0,0,4294964997,65495,67,4294887867,260752,2
424,51775,65536,0,0,4294964997,65495,67,4294887867,260752,2
425,51775,65536,0,0,4294964997,65495,67,4294887867,260752,2
426,51775,65536,0,0,4294964997,65495,67,4294887867,260752,2
427,51775,65536,0,0,4294964997,65495,67,4294887867,260752,2
428,51775,65536,0,0,4294964997,65495,67,4294887867,260752,2
429,51775,65536,0,0,4294964997,65495,67,4294887867,260752,2
430,51775,65536,0,0,4294964997,65495,68,4294887867,260752,2
431,51775,65536,0,0,4294964997,65495,69,4294887867,260752,2
432,51775,65536,0,0,4294964997,65495,69,4294887867,260752,2
433,51775,65536,0,0,4294964997,65495,69,4294887867,260752,2
434,51775,65536,0,0,4294964997,65495,69,4294887867,260752,2
435,51775,65536,0,0,4294964997,65495,69,4294887867,260752,2
436,51775,65536,0,0,4294964997,65495,69,4294887867,260752,2
437,51775,65536,0,0,4294964997,65495,69,4294887867,260752,2
438,51775,65536,0,0,4294964997,65495,69,4294887867,260752,2
439,51775,65536,0,0,4294964997,65495,69,4294887867,260752,2
440,51775,65536,0,0,4294964997,65495,69,4294887867,260752,2
441,51775,65536,0,0,4294964997,65495,69,4294887867,260752,2
442,51775,65536,0,0,4294964997,65495,69,4294887867,260752,2
443,51775,65536,0,0,4294964997,65495,69,4294887867,260752,2
444,51775,65536,0,0,4294964997,65495,69,4294887867,260752,2
445,51775,65536,0,0,4294964997,65495,69,4294887867,260752,2
446,51775,65536,0,0,4294964997,65495,69,4294887867,260752,2
447,51775,65536,0,0,4294964997,65495,69,4294887867,260752,2
448,51775,65536,0,0,4294964997,65495,69,4294887867,260752,2
449,51775,65536,0,0,4294964997,65495,69,4294887867,260752,2
450,51775,65536,0,0,4294964997,65495,69,4294887867,260752,2
451,51775,65536,0,0,4294964997,65495,69,4294887867,260752,2
452,51775,65536,0,0,4294964997,65495,69,4294887867,260752,2
453,51775,65536,0,0,4294964997,65495,69,4294887867,260752,2
454,51775,65536,0,0,4294964997,65495,69,4294887867,260752,2
455,51775,65536,0,0,4294964997,65495,69,4294887867,260752,2
456,51775,65536,0,0,4294964997,65495,69,4294887867,260752,2
457,51775,65536,0,0,4294964997,65495,69,4294887867,260752,2
458,51775,65536,0,0,4294964997,65495,69,4294887867,260752,2
459,51775,65536,0,0,4294964997,65495,69,4294887867,260752,2
460,51775,65536,0,0,4294964997,65495,69,4294887867,260752,2
461,51775,65536,0,0,4294964997,65495,71,4294887867,260752,2
462,51775,65536,0,0,4294964997,65495,71,4294887867,260752,2
463,51775,65536,0,0,4294964997,65495,71,4294887867,260752,2
464,51775,65536,0,0,4294964997,65495,71,4294887867,260752,2
465,51775,65536,0,0,4294964996,65495,71,4294887867,260752,2
466,51775,65536,0,0,4294964996,65495,71,4294887867,260752,2
467,51775,65536,0,0,4294964996,65495,71,4294887867,260752,2
468,51775,65536,0,0,4294964996,65495,71,4294887867,260752,2
469,51775,65536,0,0,4294964996,65495,71,4294887867,260752,2
470,51775,65536,0,0,4294964996,65495,71,4294887867,260752,2
471,51775,65536,0,0,4294964996,65495,71,4294887867,260752,2
472,51775,65536,0,0,4294964996,65495,71,4294887867,260752,2
473,51775,65536,0,0,4294964996,65495,71,4294887867,260752,2
474,51775,65536,0,0,4294964996,65495,71,4294887867,260752,2
475,51775,65536,0,0,4294964996,65495,71,4294887867,260752,2
476,51775,65536,0,0,4294964995,65495,71,4294887867,260752,2
477,51775,65536,0,0,4294964995,65495,72,4294887867,260752,2
478,51775,65536,0,0,4294964995,65495,72,4294887867,260752,2
479,51775,65536,0,0,4294964995,65495,72,4294887867,260752,2
480,51775,65536,0,0,4294964995,65495,72,4294887867,260752,2
481,51775,65536,0,0,4294964995,65495,72,4294887867,260752,2
482,51775,65536,0,0,4294964995,65495,72,4294887867,260752,2
483,51775,65536,0,0,4294964994,65495,72,4294887867,260752,2
484,51775,65536,0,0,4294964994,65495,72,4294887867,260752,2
485,51775,65536,0,0,4294964994,65495,73,4294887867,260752,2
486,51775,65536,0,0,4294964994,65495,73,4294887867,260752,2
487,51775,65536,0,0,4294964994,65495,73,4294887867,260752,2
488,51775,65536,0,0,4294964994,65495,73,4294887867,260752,2
489,51775,65536,0,0,4294964994,65495,73,4294887867,260752,2
490,51775,65536,0,0,4294964994,65495,73,4294887867,260752,2
491,51775,65536,0,0,4294964994,65495,73,4294887867,260752,2
492,51775,65536,0,0,4294964993,65495,73,4294887867,260752,2
493,51775,65536,0,0,4294964993,65495,73,4294887867,260752,2
494,51775,65536,0,0,4294964993,65495,73,4294887867,260752,2
495,51775,65536,0,0,4294964993,65495,73,4294887867,260752,2
496,51775,65536,0,0,4294964993,65495,73,4294887867,260752,2
497,51775,65536,0,0,4294964992,65495,73,4294887867,260752,2
498,51775,65536,0,0,4294964992,65495,73,4294887867,260752,2
499,51775,65536,0,0,4294964992,65496,73,4294887867,260752,2
500,51775,65536,0,0,4294964992,65496,73,4294887867,260752,2
501,51775,65536,0,0,4294964992,65495,73,4294887867,260752,2
502,51775,65536,0,0,4294964992,65495,73,4294887867,260752,2
503,51775,65536,0,0,4294964991,65495,73,4294887867,260752,2
504,51775,65536,0,0,4294964991,65495,73,4294887867,260752,2
505,51775,65536,0,0,4294964991,65495,73,4294887867,260752,2
506,51775,65536,0,0,4294964991,65495,73,4294887867,260752,2
507,51775,65536,0,0,4294964991,65495,73,4294887867,260752,2
508,51775,65536,0,0,4294964990,65495,73,4294887867,260752,2
509,51775,65536,0,0,4294964990,65496,74,4294887867,260752,2
510,51775,65536,0,0,4294964990,65496,74,4294887867,260752,2
511,51775,65536,0,0,4294964990,65496,74,4294887867,260752,2
512,51775,65536,0,0,4294964989,65495,74,4294887867,260752,2
513,51775,65536,0,0,4294964989,65495,74,4294887867,260752,2
514,51775,65536,0,0,4294964989,65495,74,4294887867,260752,2
515,51775,65536,0,0,4294964988,65495,74,4294887867,260752,2
516,51775,65536,0,0,4294964988,65495,74,4294887867,260752,2
517,51775,65536,0,0,4294964988,65495,74,4294887867,260752,2
518,51775,65536,0,0,4294964987,65496,74,4294887867,260752,2
519,51775,65536,0,0,4294964987,65496,74,4294887867,260752,2
520,51775,65536,0,0,4294964986,65496,74,4294887867,260752,2
521,51775,65536,0,0,4294964986,65495,74,4294887867,260752,2
522,51775,65536,0,0,4294964986,65495,74,4294887867,260752,2
523,51775,65536,0,0,4294964986,65495,74,4294887867,260752,2
524,51775,65536,0,0,4294964985,65495,74,4294887867,260752,2
525,51775,65536,0,0,4294964984,65495,74,4294887867,260752,2
526,51775,65536,0,0,4294964984,65495,74,4294887867,260752,2
527,51775,65536,0,0,4294964983,65495,74,4294887867,260752,2
528,51775,65536,0,0,4294964983,65495,74,4294887867,260752,2
529,51775,65536,0,0,4294964982,65496,74,4294887867,260752,2
530,51775,65536,0,0,4294964982,65496,74,4294887867,260752,2
531,51775,65536,0,0,4294964982,65496,74,4294887867,260752,2
532,51775,65536,0,0,4294964980,65495,74,4294887867,260752,2
533,51775,65536,0,0,4294964979,65495,75,4294887867,260752,2
534,51775,65536,0,0,4294964979,65495,75,4294887867,260752,2
535,51775,65536,0,0,4294964979,65495,75,4294887867,260752,2
536,51775,65536,0,0,4294964977,65496,75,4294887867,260752,2
537,51775,65536,0,0,4294964976,65496,75,4294887867,260752,2
538,51775,65536,0,0,4294964976,65496,75,4294887867,260752,2
539,51775,65536,0,0,4294964974,65496,75,4294887867,260752,2
540,51775,65536,0,0,4294964974,65496,75,4294887867,260752,2
541,51775,65536,0,0,4294964971,65495,75,4294887867,260752,2
542,51775,65536,0,0,4294964971,65495,75,4294887867,260752,2
543,51775,65536,0,0,4294964971,65495,75,4294887867,260752,2
544,51775,65536,0,0,4294964968,65497,75,4294887867,260752,2
545,51775,65536,0,0,4294964968,65497,75,4294887867,260752,2
546,51775,65536,0,0,4294964968,65497,75,4294887867,260752,2
547,51775,65536,0,0,4294964968,65497,76,4294887867,260785,2
548,51775,65536,0,0,4294964968,65497,76,4294887867,260785,2
549,51775,65536,0,0,4294964968,65497,76,4294887867,260785,2
550,51775,65536,0,0,4294964968,65497,76,4294887867,260785,2
551,51775,65536,0,0,4294964968,65497,76,4294887867,260785,2
552,51775,65536,0,0,4294964968,65497,76,4294887867,260785,2
553,51775,65536,0,0,4294964968,65497,76,4294887867,260785,2
554,51775,65536,0,0,4294964968,65497,76,4294887867,260785,2
555,51775,65536,0,0,4294964968,65497,76,4294887867,260785,2
556,51775,65536,0,0,4294964968,65497,76,4294887867,260785,2
557,51775,65536,0,0,4294964968,65497,76,4294887867,260785,2
558,51775,65536,0,0,4294964968,65497,76,4294887867,260785,2
559,51775,65536,0,0,4294964968,65497,76,4294887867,260785,2
560,51775,65536,0,0,4294964968,65497,76,4294887867,260785,2
561,51775,65536,0,0,4294964968,65497,76,4294887867,260785,2
562,51775,65536,0,0,4294964968,65497,76,4294887867,260785,2
563,51775,65536,0,0,4294964968,65497,76,4294887867,260785,2
564,51775,65536,0,0,4294964968,65497,76,4294887867,260785,2
565,51775,65536,0,0,4294964968,65497,76,4294887867,260785,2
566,51775,65536,0,0,4294964968,65497,76,4294887867,260785,2
567,51775,65536,0,0,4294964968,65497,76,4294887867,260785,2
568,51775,65536,0,0,4294964968,65497,76,4294887867,260785,2
569,51775,65536,0,0,4294964968,65497,76,4294887867,260785,2
570,51775,65536,0,0,4294964968,65497,76,4294887867,260785,2
571,51775,65536,0,0,4294964968,65497,76,4294887867,260785,2
572,51775,65536,0,0,4294964968,65497,76,4294887867,260785,2
573,51775,65536,0,0,4294964968,65497,76,4294887867,260785,2
574,51775,65536,0,0,4294964968,65497,76,4294887867,260785,2
575,51775,65536,0,0,4294964968,65497,76,4294887867,260785,2
576,51775,65536,0,0,4294964968,65497,76,4294887867,260785,2
577,51775,65536,0,0,4294964968,65497,76,4294887867,260785,2
578,51775,65536,0,0,4294964968,65497,76,4294887867,260785,2
579,51775,65536,0,0,4294964968,65497,76,4294887867,260785,2
580,51775,65536,0,0,4294964968,65497,76,4294887867,260785,2
581,51775,65536,0,0,4294964968,65497,76,4294887867,260785,2
582,51775,65536,0,0,4294964968,65497,76,4294887867,260785,2
583,51775,65536,0,0,4294964968,65497,76,4294887867,260785,2
584,51775,65536,0,0,4294964968,65497,76,4294887867,260785,2
585,51775,65536,0,0,4294964968,65497,76,4294887867,260785,2
586,51775,65536,0,0,4294964968,65497,76,4294887867,260785,2
587,51775,65536,0,0,4294964968,65497,76,4294887867,260785,2
588,51775,65536,0,0,4294964968,65497,76,4294887867,260785,2
589,51775,65536,0,0,4294964968,65497,76,4294887867,260785,2
590,51775,65536,0,0,4294964968,65497,76,4294887867,260785,2
591,51775,65536,0,0,4294964968,65497,76,4294887867,260785,2
592,51775,65536,0,0,4294964968,65497,76,4294887867,260785,2
593,51775,65536,0,0,4294964968,65497,76,4294887867,260785,2
594,51775,65536,0,0,4294964968,65497,76,4294887867,260785,2
595,51775,65536,0,0,4294964968,65497,76,4294887867,260785,2
596,51775,65536,0,0,4294964968,65497,76,4294887867,260785,2
597,51775,65536,0,0,4294964968,65497,76,4294887867,260785,2
598,51775,65536,0,0,4294964968,65497,76,4294887867,260785,2
599,51775,65536,0,0,4294964968,65497,76,4294887867,260785,2
600,51775,65536,0,0,4294964968,65497,76,4294887867,260785,2
601,51775,65536,0,0,4294964968,65497,76,4294887867,260785,2
602,51775,65536,0,0,4294964968,65497,76,4294887867,260785,2
603,51775,65536,0,0,4294964968,65497,76,4294887867,260785,2
604,51775,65536,0,0,4294964968,65497,76,4294887867,260785,2
605,51775,65536,0,0,4294964968,65497,76,4294887867,260785,2
606,51775,65536,0,0,4294964968,65497,76,4294887867,260785,2
607,51775,65536,0,63,4294964968,65497,77,4294887867,0,2
608,51775,65536,0,63,4294964968,65497,77,4294887867,0,2
609,51775,65536,0,62,4294964968,65497,77,4294887867,0,2
610,51775,65536,0,62,4294964968,65497,77,4294887867,0,2
611,51775,65536,0,62,4294964968,65497,77,4294887867,0,2
612,51775,65536,0,61,4294964968,65497,77,4294887867,0,2
613,51775,65536,0,60,4294964968,65497,77,4294887867,0,2
614,51775,65536,0,60,4294964968,65497,77,4294887867,0,2
615,51775,65536,0,60,4294964968,65497,77,4294887867,0,2
616,51775,65536,0,59,4294964968,65497,77,4294887867,0,2
617,51775,65536,0,58,4294964968,65497,77,4294887867,0,2
618,51775,65536,0,58,4294964968,65497,77,4294887867,0,2
619,51775,65536,0,57,4294964968,65497,77,4294887867,0,2
620,51775,65536,0,57,4294964968,65497,77,4294887867,0,2
621,51775,65536,0,56,4294964968,65497,77,4294887867,0,2
622,51775,65536,0,56,4294964968,65497,77,4294887867,0,2
623,51775,65536,0,55,4294964968,65497,77,4294887867,0,2
624,51775,65536,0,55,4294964968,65497,77,4294887867,0,2
625,51775,65536,0,55,4294964968,65497,77,4294887867,0,2
626,51775,65536,0,54,4294964968,65497,77,4294887867,0,2
627,51775,65536,0,53,4294964968,65497,77,4294887867,0,2
628,51775,65536,0,53,4294964968,65497,77,4294887867,0,2
629,51775,65536,0,53,4294964968,65497,77,4294887867,0,2
630,51775,65536,0,52,4294964968,65497,77,4294887867,0,2
631,51775,65536,0,51,4294964968,65497,78,4294887867,0,2
632,51775,65536,0,51,4294964968,65497,78,4294887867,0,2
633,51775,65536,0,50,4294964968,65497,78,4294887867,0,2
634,51775,65536,0,50,4294964968,65497,78,4294887867,0,2
635,51775,65536,0,49,4294964968,65497,78,4294887867,0,2
636,51775,65536,0,49,4294964968,65497,78,4294887867,0,2
637,51775,65536,0,49,4294964968,65497,78,4294887867,0,2
638,51775,65536,0,48,4294964968,65497,78,4294887867,0,2
639,51775,65536,0,47,4294964968,65497,78,4294887867,0,2
640,51775,65536,0,47,4294964968,65497,78,4294887867,0,2
641,51775,65536,0,46,4294964968,65497,78,4294887867,0,2
642,51775,65536,0,46,4294964968,65497,78,4294887867,0,2
643,51775,65536,0,46,4294964968,65497,78,4294887867,0,2
644,51775,65536,0,45,4294964968,65497,78,4294887867,0,2
645,51775,65536,0,45,4294964968,65497,78,4294887867,0,2
646,51775,65536,0,45,4294964968,65497,78,4294887867,0,2
647,51775,65536,0,45,4294964968,65497,78,4294887867,0,2
648,51775,65536,0,45,4294964968,65497,78,4294887867,0,2
649,51775,65536,0,45,4294964968,65497,78,4294887867,0,2
650,51775,65536,0,45,4294964968,65497,78,4294887867,0,2
651,51775,65536,0,45,4294964968,65497,78,4294887867,0,2
652,51775,65536,0,45,4294964968,65497,78,4294887867,0,2
653,51775,65536,0,45,4294964968,65497,78,4294887867,0,2
654,51775,65536,0,45,4294964968,65497,78,4294887867,0,2
655,51775,65536,0,45,4294964968,65497,78,4294887867,0,2
656,51775,65536,0,45,4294964968,65497,78,4294887867,0,2
657,51775,65536,0,45,4294964968,65497,78,4294887867,0,2
658,51775,65536,0,45,4294964968,65497,78,4294887867,0,2
659,51775,65536,0,45,4294964968,65497,78,4294887867,0,2
660,51775,65536,0,45,4294964968,65497,78,4294887867,0,2
661,51775,65536,0,45,4294964968,65497,78,4294887867,0,2
662,51775,65536,0,45,4294964968,65497,78,4294887867,0,2
663,51775,65536,0,45,4294964968,65497,78,4294887867,0,2
664,51775,65536,0,45,4294964968,65497,78,4294887867,0,2
665,51775,65536,0,45,4294964968,65497,78,4294887867,0,2
666,51775,65536,0,45,4294964968,65497,78,4294887867,0,2
667,51775,65536,0,45,4294964968,65497,78,4294887867,0,2
668,51775,65536,0,45,4294964968,65497,78,4294887867,0,2
669,51775,65536,0,45,4294964968,65497,78,4294887867,0,2
670,51775,65536,0,45,4294964968,65497,78,4294887867,0,2
671,51775,65536,0,45,4294964968,65497,78,4294887867,0,2
672,51775,65536,0,45,4294964968,65497,78,4294887867,0,2
673,51775,65536,0,45,4294964968,65497,78,4294887867,0,2
674,51775,65536,0,45,4294964968,65497,78,4294887867,0,2
675,51775,65536,0,45,4294964968,65497,78,4294887867,0,2
676,51775,65536,0,45,4294964968,65497,78,4294887867,0,2
677,51775,65536,0,44,4294964968,65497,78,4294887867,0,2
678,51775,65536,0,44,4294964968,65497,78,4294887867,0,2
679,51775,65536,0,43,4294964968,65497,78,4294887867,0,2
680,51775,65536,0,43,4294964968,65497,78,4294887867,0,2
681,51775,65536,0,43,4294964968,65497,78,4294887867,0,2
682,51775,65536,0,42,4294964968,65497,78,4294887867,0,2
683,51775,65536,0,41,4294964968,65497,78,4294887867,0,2
684,51775,65536,0,41,4294964968,65497,78,4294887867,0,2
685,51775,65536,0,40,4294964968,65497,78,4294887867,0,2
686,51775,65536,0,40,4294964968,65497,78,4294887867,0,2
687,51775,65536,0,40,4294964968,65497,78,4294887867,0,2
688,51775,65536,0,39,4294964968,65497,78,4294887867,0,2
689,51775,65536,0,38,4294964968,65497,78,4294887867,0,2
690,51775,65536,0,38,4294964968,65497,78,4294887867,0,2
691,51775,65536,0,38,4294964968,65497,78,4294887867,0,2
692,51775,65536,0,38,4294964968,65497,78,4294887867,0,2
693,51775,65536,0,38,4294964968,65497,78,4294887867,0,2
694,51775,65536,0,38,4294964968,65497,78,4294887867,0,2
695,51775,65536,0,38,4294964968,65497,78,4294887867,0,2
696,51775,65536,0,38,4294964968,65497,78,4294887867,0,2
697,51775,65536,0,38,4294964968,65497,78,4294887867,0,2
698,51775,65536,0,38,4294964968,65497,78,4294887867,0,2
699,51775,65536,0,38,4294964968,65497,78,4294887867,0,2
700,51775,65536,0,38,4294964968,65497,78,4294887867,0,2
701,51775,65536,0,38,4294964968,65497,78,4294887867,0,2
702,51775,65536,0,38,4294964968,65497,78,4294887867,0,2
703,51775,65536,0,38,4294964968,65497,78,4294887867,0,2
704,51775,65536,0,38,4294964968,65497,78,4294887867,0,2
705,51775,65536,0,38,4294964968,65497,78,4294887867,0,2
706,51775,65536,0,38,4294964968,65497,78,4294887867,0,2
707,51775,65536,0,37,4294964968,65497,78,4294887867,0,2
708,51775,65536,0,37,4294964968,65497,78,4294887867,0,2
709,51775,65536,0,37,4294964968,65497,78,4294887867,0,2
710,51775,65536,0,36,4294964968,65497,78,4294887867,0,2
711,51775,65536,0,35,4294964968,65497,78,4294887867,0,2
712,51775,65536,0,35,4294964968,65497,78,4294887867,0,2
713,51775,65536,0,34,4294964968,65497,78,4294887867,0,2
714,51775,65536,0,34,4294964968,65497,78,4294887867,0,2
715,51775,65536,0,33,4294964968,65497,78,4294887867,0,2
716,51775,65536,0,33,4294964968,65497,78,4294887867,0,2
717,51775,65536,0,32,4294964968,65497,78,4294887867,0,2
718,51775,65536,0,32,4294964968,65497,78,4294887867,0,2
719,51775,65536,0,31,4294964968,65497,78,4294887867,0,2
720,51775,65536,0,31,4294964968,65497,78,4294887867,0,2
721,51775,65536,0,31,4294964968,65497,78,4294887867,0,2
722,39979,65536,1,30,4294961536,65283,78,4294887867,0,2
723,39979,65536,0,29,4294964969,65495,80,4294887867,0,2
724,39979,65536,0,29,4294964969,65495,80,4294887867,0,2
725,39979,65536,0,29,4294964969,65495,80,4294887867,0,2
726,39979,65536,0,28,4294964617,65482,80,4294887867,0,2
727,39979,65536,0,28,4294964617,65482,80,4294887867,0,2
728,39979,65536,0,27,4294964331,65469,80,4294887867,0,2
729,39979,65536,0,27,4294964331,65469,80,4294887867,0,2
730,39979,65536,0,26,4294964094,65458,80,4294887867,0,2
731,39979,65536,0,26,4294964094,65458,80,4294887867,0,2
732,39979,65536,0,25,4294963893,65448,80,4294887867,0,2
733,39979,65536,0,24,4294963722,65438,80,4294887867,0,2
734,39979,65536,0,24,4294963722,65438,80,4294887867,0,2
735,39979,65536,0,23,4294963575,65430,80,4294887867,0,2
736,39979,65536,0,23,4294963575,65430,80,4294887867,0,2
737,39979,65536,0,22,4294963445,65422,80,4294887867,0,2
738,39979,65536,0,22,4294963445,65422,80,4294887867,0,2
739,39979,65536,0,21,4294963332,65416,80,4294887867,0,2
740,39979,65536,0,21,4294963332,65416,80,4294887867,0,2
741,39979,65536,0,20,4294963231,65410,80,4294887867,0,2
742,39979,65536,0,20,4294963231,65410,80,4294887867,0,2
743,39979,65536,0,20,4294963231,65410,80,4294887867,0,2
744,39979,65536,0,19,4294963141,65404,80,4294887867,0,2
745,39979,65536,0,18,4294963060,65398,80,4294887867,0,2
746,39979,65536,0,18,4294963060,65398,80,4294887867,0,2
747,39979,65536,0,18,4294963060,65398,80,4294887867,0,2
748,39979,65536,0,17,4294962987,65394,80,4294887867,0,2
749,39979,65536,0,17,4294962987,65394,80,4294887867,0,2
750,39979,65536,0,16,4294962920,65389,82,4294887867,0,2
751,39979,65536,0,16,4294962920,65389,82,4294887867,0,2
752,39979,65536,0,15,4294962860,65385,82,4294887867,0,2
753,39979,65536,0,15,4294962860,65385,82,4294887867,0,2
754,39979,65536,0,14,4294962804,65381,82,4294887867,0,2
755,39979,65536,0,14,4294962804,65381,82,4294887867,0,2
756,39979,65536,0,13,4294962753,65378,82,4294887867,0,2
757,39979,65536,0,13,4294962753,65378,82,4294887867,0,2
758,39979,65536,0,12,4294962706,65375,82,4294887867,0,2
759,39979,65536,0,11,4294962663,65372,82,4294887867,0,2
760,39979,65536,0,11,4294962663,65372,82,4294887867,0,2
761,39979,65536,0,10,4294962622,65369,82,4294887867,0,2
762,39979,65536,0,10,4294962622,65369,82,4294887867,0,2
763,39979,65536,0,10,4294962622,65369,82,4294887867,0,2
764,39979,65536,0,9,4294962622,65369,82,4294887867,0,2
765,39979,65536,0,8,4294962622,65369,82,4294887867,0,2
766,39979,65536,0,8,4294962622,65369,82,4294887867,0,2
767,39979,65536,0,7,4294962622,65369,83,4294887867,0,2
768,39979,65536,0,7,4294962622,65369,83,4294887867,0,2
769,39979,65536,0,6,4294962622,65369,83,4294887867,0,2
770,39979,65536,0,6,4294962622,65369,83,4294887867,0,2
771,39979,65536,0,5,4294962622,65369,83,4294887867,0,2
772,39979,65536,0,5,4294962622,65369,83,4294887867,0,2
773,39979,65536,0,4,4294962623,65369,83,4294887867,0,2
774,39979,65536,0,4,4294962623,65369,83,4294887867,0,2
775,39979,65536,0,3,4294962623,65369,83,4294887867,0,2
776,39979,65536,0,3,4294962623,65369,83,4294887867,0,2
777,39979,65536,0,2,4294962623,65369,83,4294887867,0,2
778,39979,65536,0,1,4294962623,65369,83,4294887867,0,2
779,39979,65536,0,1,4294962623,65369,83,4294887867,0,2
780,39979,65536,0,0,4294962623,65369,83,4294887867,260785,2
781,39979,65536,0,0,4294962623,65369,83,4294887867,260785,2
782,39979,65536,0,0,4294962623,65369,83,4294887867,260785,2
783,39979,65536,0,0,4294962623,65369,83,4294887867,260785,2
784,39979,65536,0,0,4294962623,65369,83,4294887867,260785,2
785,39979,65536,0,0,4294962623,65369,83,4294887867,260785,2
786,39979,65536,0,0,4294962623,65369,83,4294887867,260785,2
787,39979,65536,0,0,4294962623,65369,83,4294887867,260785,2
788,39979,65536,0,0,4294962624,65369,83,4294887867,260785,2
789,39979,65536,0,0,4294962624,65369,83,4294887867,260785,2
790,39979,65536,0,0,4294962624,65369,83,4294887867,260785,2
791,39979,65536,0,0,4294962624,65369,84,4294887867,260785,2
792,39979,65536,0,0,4294962624,65369,84,4294887867,260785,2
793,39979,65536,0,0,4294962624,65369,84,4294887867,260785,2
794,39979,65536,0,0,4294962624,65369,84,4294887867,260785,2
795,39979,65536,0,0,4294962624,65369,84,4294887867,260785,2
796,39979,65536,0,0,4294962624,65369,84,4294887867,260785,2
797,39979,65536,0,0,4294962624,65369,84,4294887867,260785,2
798,39979,65536,0,0,4294962624,65369,84,4294887867,260785,2
799,39979,65536,0,0,4294962624,65369,84,4294887867,260752,2
800,39979,65536,0,0,4294962624,65369,84,4294887867,260785,2
801,39979,65536,0,0,4294962624,65369,84,4294887867,260785,2
802,39979,65536,0,0,4294962624,65369,84,4294887867,260785,2
803,39979,65536,0,0,4294962624,65369,84,4294887867,260785,2
804,39979,65536,0,0,4294962624,65369,84,4294887867,260785,2
805,39979,65536,0,0,4294962624,65369,84,4294887867,260785,2
806,39979,65536,0,0,4294962624,65369,84,4294887867,260785,2
807,39979,65536,0,0,4294962624,65369,84,4294887867,260785,2
808,39979,65536,0,0,4294962624,65369,84,4294887867,260785,2
809,39979,65536,0,0,4294962623,65369,84,4294887867,260785,2
810,39979,65536,0,0,4294962623,65369,84,4294887867,260752,2
811,39979,65536,0,0,4294962623,65369,84,4294887867,260752,2
812,39979,65536,0,0,4294962623,65369,84,4294887867,260752,2
813,39979,65536,0,0,4294962623,65369,84,4294887867,260752,2
814,39979,65536,0,0,4294962623,65369,84,4294887867,260752,2
815,39979,65536,0,0,4294962623,65369,84,4294887867,260752,2
816,39979,65536,0,0,4294962622,65369,84,4294887867,260752,2
817,39979,65536,0,0,4294962622,65369,84,4294887867,260752,2
818,39979,65536,0,0,4294962622,65369,84,4294887867,260752,2
819,39979,65536,0,0,4294962622,65369,84,4294887867,260752,2
820,39979,65536,0,0,4294962622,65369,84,4294887867,260752,2
821,39979,65536,0,0,4294962622,65369,84,4294887867,260752,2
822,39979,65536,0,0,4294962622,65369,84,4294887867,260752,2
823,39979,65536,0,0,4294962622,65369,84,4294887867,260752,2
824,39979,65536,0,0,4294962621,65369,84,4294887867,260752,2
825,39979,65536,0,0,4294962621,65369,84,4294887867,260752,2
826,39979,65536,0,0,4294962621,65369,84,4294887867,260752,2
827,39979,65536,0,0,4294962621,65369,84,4294887867,260752,2
828,39979,65536,0,0,4294962621,65369,84,4294887867,260752,2
829,39979,65536,0,0,4294962620,65369,84,4294887867,260752,2
830,39979,65536,0,0,4294962620,65369,84,4294887867,260752,2
831,39979,65536,0,0,4294962620,65369,84,4294887867,260752,2
832,39979,65536,0,0,4294962620,65369,84,4294887867,260752,2
833,39979,65536,0,0,4294962620,65369,84,4294887867,260752,2
834,39979,65536,0,0,4294962620,65369,84,4294887867,260752,2
835,39979,65536,0,0,4294962619,65369,84,4294887867,260752,2
836,39979,65536,0,0,4294962618,65370,84,4294887867,260752,2
837,39979,65536,0,0,4294962618,65370,84,4294887867,260752,2
838,39979,65536,0,0,4294962618,65370,84,4294887867,260752,2
839,39979,65536,0,0,4294962618,65370,84,4294887867,260752,2
840,39979,65536,0,0,4294962617,65370,84,4294887867,260752,2
841,39979,65536,0,0,4294962617,65370,84,4294887867,260752,2
842,39979,65536,0,0,4294962617,65370,84,4294887867,260752,2
843,39979,65536,0,0,4294962617,65370,84,4294887867,260752,2
844,39979,65536,0,0,4294962616,65369,84,4294887867,260752,2
845,39979,65536,0,0,4294962616,65369,84,4294887867,260752,2
846,39979,65536,0,0,4294962616,65369,84,4294887867,260752,2
847,39979,65536,0,0,4294962616,65369,84,4294887867,260752,2
848,39979,65536,0,0,4294962615,65369,84,4294887867,260752,2
849,39979,65536,0,0,4294962615,65369,84,4294887867,260752,2
850,39979,65536,0,0,4294962615,65369,84,4294887867,260752,2
851,39979,65536,0,0,4294962615,65369,84,4294887867,260752,2
852,39979,65536,0,0,4294962615,65369,84,4294887867,260752,2
853,39979,65536,0,0,4294962615,65369,84,4294887867,260752,2
854,39979,65536,0,0,4294962614,65369,84,4294887867,260752,2
855,39979,65536,0,0,4294962614,65369,84,4294887867,260752,2
856,39979,65536,0,0,4294962614,65369,84,4294887867,260752,2
857,39979,65536,0,0,4294962614,65369,84,4294887867,260752,2
858,39979,65536,0,0,4294962614,65369,84,4294887867,260752,2
859,39979,65536,0,0,4294962614,65369,84,4294887867,260752,2
860,39979,65536,0,0,4294962614,65368,84,4294887867,260752,2
861,39979,65536,0,0,4294962614,65368,84,4294887867,260752,2
862,39979,65536,0,0,4294962613,65369,84,4294887867,260752,2
863,39979,65536,0,0,4294962613,65369,84,4294887867,260752,2
864,39979,65536,0,0,4294962613,65368,84,4294887867,260752,2
865,39979,65536,0,0,4294962613,65368,84,4294887867,260752,2
866,39979,65536,0,0,4294962613,65369,84,4294887867,260752,2
867,39979,65536,0,0,4294962613,65369,84,4294887867,260752,2
868,39979,65536,0,0,4294962613,65368,84,4294887867,260752,2
869,39979,65536,0,0,4294962613,65368,84,4294887867,260752,2
870,39979,65536,0,0,4294962613,65368,84,4294887867,260752,2
871,39979,65536,0,0,4294962613,65368,84,4294887867,260752,2
872,39979,65536,0,0,4294962613,65368,84,4294887867,260752,2
873,39979,65536,0,0,4294962612,65368,84,4294887867,260752,2
874,39979,65536,0,0,4294962612,65368,84,4294887867,260752,2
875,39979,65536,0,0,4294962612,65368,84,4294887867,260752,2
876,39979,65536,0,0,4294962612,65368,84,4294887867,260752,2
877,39979,65536,0,0,4294962612,65368,84,4294887867,260752,2
878,39979,65536,0,0,4294962612,65368,85,4294887867,260752,2
879,39979,65536,0,0,4294962612,65368,85,4294887867,260752,2
880,39979,65536,0,0,4294962612,65368,85,4294887867,260752,2
881,39979,65536,0,0,4294962612,65368,85,4294887867,260752,2
882,39979,65536,0,0,4294962612,65368,85,4294887867,260752,2
883,39979,65536,0,0,4294962612,65368,85,4294887867,260752,2
884,39979,65536,0,0,4294962612,65368,85,4294887867,260752,2
885,39979,65536,0,0,4294962612,65368,85,4294887867,260752,2
886,39979,65536,0,0,4294962612,65368,85,4294887867,260752,2
887,39979,65536,0,0,4294962612,65368,85,4294887867,260752,2
888,39979,65536,0,0,4294962612,65368,85,4294887867,260752,2
889,39979,65536,0,0,4294962612,65368,85,4294887867,260752,2
890,39979,65536,0,0,4294962612,65368,85,4294887867,260752,2
891,39979,65536,0,0,4294962612,65368,85,4294887867,260752,2
892,39979,65536,0,0,4294962612,65368,85,4294887867,260752,2
893,39979,65536,0,0,4294962612,65368,85,4294887867,260752,2
894,39979,65536,0,0,4294962612,65368,85,4294887867,260752,2
895,39979,65536,0,0,4294962611,65368,85,4294887867,260752,2
896,39979,65536,0,0,4294962611,65369,85,4294887867,260752,2
897,39979,65536,0,0,4294962611,65369,85,4294887867,260752,2
898,39979,65536,0,0,4294962611,65368,85,4294887867,260752,2
899,39979,65536,0,0,4294962611,65368,85,4294887867,260752,2
900,39979,65536,0,0,4294962611,65368,85,4294887867,260752,2
901,39979,65536,0,0,4294962610,65368,85,4294887867,260752,2
902,39979,65536,0,0,4294962609,65368,85,4294887867,260752,2
903,39979,65536,0,0,4294962609,65368,85,4294887867,260752,2
904,39979,65536,0,0,4294962609,65368,85,4294887867,260752,2
905,39979,65536,0,0,4294962608,65368,85,4294887867,260752,2
906,39979,65536,0,0,4294962607,65368,85,4294887867,260752,2
907,39979,65536,0,0,4294962607,65368,85,4294887867,260752,2
908,39979,65536,0,0,4294962607,65368,85,4294887867,260752,2
909,39979,65536,0,0,4294962607,65368,85,4294887867,260752,2
910,39979,65536,0,0,4294962607,65368,85,4294887867,260752,2
911,39979,65536,0,0,4294962606,65368,85,4294887867,260752,2
912,39979,65536,0,0,4294962605,65368,85,4294887867,260752,2
913,39979,65536,0,0,4294962605,65368,85,4294887867,260752,2
914,39979,65536,0,0,4294962604,65368,85,4294887867,260752,2
915,39979,65536,0,0,4294962604,65368,85,4294887867,260752,2
916,39979,65536,0,0,4294962604,65368,85,4294887867,260752,2
917,39979,65536,0,0,4294962604,65368,85,4294887867,260752,2
918,39979,65536,0,0,4294962603,65368,85,4294887867,260752,2
919,39979,65536,0,0,4294962603,65368,85,4294887867,260752,2
920,39979,65536,0,0,4294962603,65368,85,4294887867,260752,2
921,39979,65536,0,0,4294962603,65368,85,4294887867,260752,2
922,39979,65536,0,0,4294962602,65368,85,4294887867,260752,2
923,39979,65536,0,0,4294962602,65368,85,4294887867,260752,2
924,39979,65536,0,0,4294962602,65368,85,4294887867,260752,2
925,39979,65536,0,0,4294962602,65368,85,4294887867,260752,2
926,39979,65536,0,0,4294962601,65368,85,4294887867,260752,2
927,39979,65536,0,0,4294962601,65368,85,4294887867,260752,2
928,39979,65536,0,0,4294962601,65368,85,4294887867,260752,2
929,39979,65536,0,0,4294962601,65368,85,4294887867,260752,2
930,39979,65536,0,0,4294962600,65368,85,4294887867,260752,2
931,39979,65536,0,0,4294962600,65368,85,4294887867,260752,2
932,39979,65536,0,0,4294962600,65368,85,4294887867,260752,2
933,39979,65536,0,0,4294962600,65368,85,4294887867,260752,2
934,39979,65536,0,0,4294962599,65368,85,4294887867,260752,2
935,39979,65536,0,0,4294962599,65368,85,4294887867,260752,2
936,39979,65536,0,0,4294962599,65368,85,4294887867,260752,2
937,39979,65536,0,0,4294962599,65367,85,4294887867,260752,2
938,39979,65536,0,0,4294962598,65367,85,4294887867,260752,2
939,39979,65536,0,0,4294962598,65367,85,4294887867,260752,2
940,39979,65536,0,0,4294962597,65367,85,4294887867,260752,2
941,39979,65536,0,0,4294962597,65367,85,4294887867,260752,2
942,39979,65536,0,0,4294962597,65367,85,4294887867,260752,2
943,39979,65536,0,0,4294962597,65367,85,4294887867,260752,2
944,39979,65536,0,0,4294962597,65367,85,4294887867,260752,2
945,39979,65536,0,0,4294962596,65367,85,4294887867,260752,2
946,39979,65536,0,0,4294962595,65367,85,4294887867,260752,2
947,39979,65536,0,0,4294962595,65367,85,4294887867,260752,2
948,39979,65536,0,0,4294962594,65367,85,4294887867,260752,2
949,39979,65536,0,0,4294962594,65367,85,4294887867,260752,2
950,39979,65536,0,0,4294962593,65367,85,4294887867,260752,2
951,39979,65536,0,0,4294962593,65367,85,4294887867,260752,2
952,39979,65536,0,0,4294962592,65367,85,4294887867,260752,2
953,39979,65536,0,0,4294962592,65367,85,4294887867,260752,2
954,39979,65536,0,0,4294962591,65367,85,4294887867,260752,2
955,39979,65536,0,0,4294962591,65367,85,4294887867,260752,2
956,39979,65536,0,0,4294962589,65368,85,4294887867,260752,2
957,39979,65536,0,0,4294962589,65368,85,4294887867,260752,2
958,39979,65536,0,0,4294962587,65368,85,4294887867,260752,2
959,39979,65536,0,0,4294962587,65368,85,4294887867,260752,2
960,39979,65536,0,0,4294962585,65368,85,4294887867,260752,2
961,39979,65536,0,0,4294962585,65368,85,4294887867,260752,2
962,39979,65536,0,0,4294962583,65367,85,4294887867,260752,2
963,39979,65536,0,0,4294962583,65367,85,4294887867,260752,2
964,39979,65536,0,0,4294962583,65367,85,4294887867,260752,2
965,39979,65536,0,0,4294962583,65367,85,4294887867,260752,2
966,39979,65536,0,0,4294962583,65367,85,4294887867,260752,2
967,39979,65536,0,0,4294962583,65367,85,4294887867,260752,2
968,39979,65536,0,0,4294962583,65367,85,4294887867,260752,2
969,39979,65536,0,0,4294962583,65367,85,4294887867,260752,2
970,39979,65536,0,0,4294962583,65367,85,4294887867,260752,2
971,39979,65536,0,0,4294962583,65367,85,4294887867,260752,2
972,39979,65536,0,0,4294962583,65367,85,4294887867,260752,2
973,39979,65536,0,0,4294962583,65367,85,4294887867,260752,2
974,39979,65536,0,0,4294962583,65367,85,4294887867,260752,2
975,39979,65536,0,0,4294962583,65367,85,4294887867,260752,2
976,39979,65536,0,0,4294962583,65367,85,4294887867,260752,2
977,39979,65536,0,0,4294962583,65367,85,4294887867,260752,2
978,39979,65536,0,0,4294962583,65367,85,4294887867,260752,2
979,39979,65536,0,0,4294962583,65367,85,4294887867,260752,2
980,39979,65536,0,0,4294962583,65367,85,4294887867,260752,2
981,39979,65536,0,0,4294962583,65367,85,4294887867,260752,2
982,39979,65536,0,0,4294962583,65367,85,4294887867,260752,2
983,39979,65536,0,0,4294962583,65367,85,4294887867,260752,2
984,39979,65536,0,0,4294962583,65367,85,4294887867,260752,2
985,39979,65536,0,0,4294962583,65367,85,4294887867,260752,2
986,39979,65536,0,0,4294962583,65367,85,4294887867,260752,2
987,39979,65536,0,0,4294962583,65367,85,4294887867,260752,2
988,39979,65536,0,0,4294962583,65367,85,4294887867,260752,2
989,39979,65536,0,0,4294962583,65367,85,4294887867,260752,2
990,39979,65536,0,0,4294962583,65367,85,4294887867,260752,2
991,39979,65536,0,0,4294962583,65367,85,4294887867,260752,2
992,39979,65536,0,0,4294962583,65367,85,4294887867,260752,2
993,39979,65536,0,0,4294962583,65367,85,4294887867,260752,2
994,39979,65536,0,0,4294962583,65367,86,4294887867,260752,2
995,39979,65536,0,0,4294962583,65367,86,4294887867,260752,2
996,39979,65536,0,0,4294962583,65367,86,4294887867,260752,2
997,39979,65536,0,0,4294962583,65367,86,4294887867,260752,2
998,39979,65536,0,0,4294962583,65367,86,4294887867,260752,2
999,39979,65536,0,0,4294962583,65367,86,4294887867,260752,2
1000,39979,65536,0,0,4294962583,65367,86,4294887867,260752,2
1001,39979,65536,0,0,4294962583,65367,86,4294887867,260752,2
1002,39979,65536,0,0,4294962583,65367,86,4294887867,260752,2
1003,39979,65536,0,0,4294962583,65367,86,4294887867,260752,2
1004,39979,65536,0,0,4294962583,65367,86,4294887867,260752,2
1005,39979,65536,0,0,4294962583,65367,86,4294887867,260752,2
1006,39979,65536,0,0,4294962583,65367,86,4294887867,260752,2
1007,39979,65536,0,0,4294962583,65367,86,4294887867,260752,2
1008,39979,65536,0,0,4294962583,65367,86,4294887867,260752,2
1009,39979,65536,0,0,4294962583,65367,86,4294887867,260752,2
1010,39979,65536,0,0,4294962583,65367,86,4294887867,260752,2
1011,39979,65536,0,0,4294962583,65367,86,4294887867,260752,2
1012,39979,65536,0,0,4294962583,65367,86,4294887867,260752,2
1013,39979,65536,0,0,4294962583,65367,86,4294887867,260752,2
1014,39979,65536,0,0,4294962583,65367,86,4294887867,260752,2
1015,39979,65536,0,0,4294962583,65367,86,4294887867,260752,2
1016,39979,65536,0,0,4294962583,65367,86,4294887867,260752,2
1017,39979,65536,0,0,4294962583,65367,86,4294887867,260752,2
1018,39979,65536,0,0,4294962583,65367,86,4294887867,260752,2
1019,39979,65536,0,0,4294962583,65367,86,4294887867,260752,2
1020,39979,65536,0,0,4294962583,65367,86,4294887867,260752,2
1021,39979,65536,0,0,4294962583,65367,86,4294887867,260752,2
1022,39979,65536,0,0,4294962583,65367,87,4294887867,260752,2
1023,39979,65536,0,0,4294962583,65367,87,4294887867,260752,2
1024,39979,65536,0,0,4294962583,65367,87,4294887867,260752,2
1025,39979,65536,0,0,4294962583,65367,87,4294887867,260752,2
1026,39979,65536,0,0,4294962583,65367,87,4294887867,260752,2
1027,39979,65536,0,0,4294962583,65367,87,4294887867,260752,2
1028,39979,65536,0,0,4294962583,65367,87,4294887867,260752,2
1029,39979,65536,0,0,4294962583,65367,87,4294887867,260752,2
1030,39979,65536,0,0,4294962583,65367,87,4294887867,260752,2
1031,39979,65536,0,0,4294962583,65367,87,4294887867,260752,2
1032,39979,65536,0,0,4294962583,65367,87,4294887867,260752,2
1033,39979,65536,0,0,4294962583,65367,87,4294887867,260752,2
1034,39979,65536,0,0,4294962583,65367,87,4294887867,260752,2
1035,39979,65536,0,0,4294962583,65367,87,4294887867,260752,2
1036,39979,65536,0,0,4294962583,65367,87,4294887867,260752,2
1037,39979,65536,0,0,4294962583,65367,87,4294887867,260752,2
1038,39979,65536,0,0,4294962583,65367,87,4294887867,260752,2
1039,39979,65536,0,0,4294962583,65367,87,4294887867,260752,2
1040,39979,65536,0,0,4294962583,65367,87,4294887867,260752,2
1041,39979,65536,0,0,4294962583,65367,87,4294887867,260752,2
1042,39979,65536,0,0,4294962583,65367,87,4294887867,260752,2
1043,39979,65536,0,0,4294962583,65367,87,4294887867,260752,2
1044,39979,65536,0,0,4294962583,65367,87,4294887867,260752,2
1045,39979,65536,0,0,4294962583,65367,87,4294887867,260752,2
1046,39979,65536,0,0,4294962583,65367,87,4294887867,260752,2
1047,39979,65536,0,0,4294962583,65367,87,4294887867,260752,2
1048,39979,65536,0,0,4294962583,65367,87,4294887867,260752,2
1049,39979,65536,0,0,4294962583,65367,87,4294887867,260752,2
1050,39979,65536,0,0,4294962583,65367,87,4294887867,260752,2
1051,39979,65536,0,0,4294962583,65367,87,4294887867,260752,2
1052,39979,65536,0,0,4294962583,65367,87,4294887867,260752,2
1053,39979,65536,0,0,4294962583,65367,87,4294887867,260752,2
1054,39979,65536,0,0,4294962583,65367,87,4294887867,260752,2
1055,39979,65536,0,0,4294962583,65367,87,4294887867,260752,2
1056,39979,65536,0,0,4294962583,65367,87,4294887867,260752,2
1057,39979,65536,0,0,4294962583,65367,87,4294887867,260752,2
1058,39979,65536,0,0,4294962583,65367,87,4294887867,260752,2
1059,39979,65536,0,0,4294962583,65367,87,4294887867,260752,2
1060,39979,65536,0,0,4294962583,65367,87,4294887867,260752,2
1061,39979,65536,0,0,4294962583,65367,87,4294887867,260752,2
1062,39979,65536,0,0,4294962583,65367,87,4294887867,260752,2
1063,39979,65536,0,0,4294962583,65367,87,4294887867,260752,2
1064,39979,65536,0,0,4294962583,65367,87,4294887867,260752,2
1065,39979,65536,0,0,4294962583,65367,87,4294887867,260752,2
1066,39979,65536,0,0,4294962583,65367,87,4294887867,260752,2
1067,39979,65536,0,0,4294962583,65367,87,4294887867,260752,2
1068,39979,65536,0,0,4294962583,65367,87,4294887867,260752,2
1069,39979,65536,0,0,4294962583,65367,87,4294887867,260752,2
1070,39979,65536,0,0,4294962583,65367,87,4294887867,260752,2
1071,39979,65536,0,0,4294962583,65367,87,4294887867,260752,2
1072,39979,65536,0,0,4294962583,65367,87,4294887867,260752,2
1073,39979,65536,0,0,4294962583,65367,87,4294887867,260752,2
1074,39979,65536,0,0,4294962583,65367,87,4294887867,260752,2
1075,39979,65536,0,0,4294962583,65367,87,4294887867,260752,2
1076,39979,65536,0,0,4294962583,65367,87,4294887867,260752,2
1077,39979,65536,0,0,4294962583,65367,87,4294887867,260752,2
1078,39979,65536,0,0,4294962583,65367,87,4294887867,260752,2
1079,39979,65536,0,0,4294962583,65367,87,4294887867,260752,2
1080,39979,65536,0,0,4294962583,65367,87,4294887867,260752,2
1081,39979,65536,0,0,4294962583,65367,87,4294887867,260752,2
1082,39979,65536,0,0,4294962583,65367,87,4294887867,260752,2
1083,39979,65536,0,0,4294962583,65367,87,4294887867,260752,2
1084,39979,65536,0,0,4294962583,65367,87,4294887867,260752,2
1085,39979,65536,0,0,4294962583,65367,87,4294887867,260752,2
1086,39979,65536,0,0,4294962583,65367,87,4294887867,260752,2
1087,39979,65536,0,0,4294962583,65367,87,4294887867,260752,2
1088,39979,65536,0,0,4294962583,65367,87,4294887867,260752,2
1089,39979,65536,0,0,4294962583,65367,87,4294887867,260752,2
1090,39979,65536,0,0,4294962583,65367,87,4294887867,260752,2
1091,39979,65536,0,0,4294962583,65367,87,4294887867,260752,2
1092,39979,65536,0,0,4294962583,65367,87,4294887867,260752,2
1093,39979,65536,0,0,4294962583,65367,87,4294887867,260752,2
1094,39979,65536,0,0,4294962583,65367,87,4294887867,260752,2
1095,39979,65536,0,0,4294962583,65367,87,4294887867,260752,2
1096,39979,65536,0,0,4294962583,65367,87,4294887867,260752,2
1097,39979,65536,0,0,4294962583,65367,87,4294887867,260752,2
1098,39979,65536,0,0,4294962583,65367,88,4294887867,260752,2
1099,39979,65536,0,0,4294962583,65367,88,4294887867,260752,2
1100,39979,65536,0,0,4294962583,65367,88,4294887867,260752,2
1101,39979,65536,0,0,4294962583,65367,88,4294887867,260752,2
1102,39979,65536,0,0,4294962583,65367,88,4294887867,260752,2
1103,39979,65536,0,0,4294962583,65367,88,4294887867,260752,2
1104,39979,65536,0,0,4294962583,65367,88,4294887867,260752,2
1105,39979,65536,0,0,4294962583,65367,88,4294887867,260752,2
1106,39979,65536,0,0,4294962583,65367,88,4294887867,260752,2
1107,39979,65536,0,0,4294962583,65367,88,4294887867,260752,2
1108,39979,65536,0,0,4294962583,65367,88,4294887867,260752,2
1109,39979,65536,0,0,4294962583,65367,88,4294887867,260752,2
1110,39979,65536,0,0,4294962583,65367,88,4294887867,260752,2
1111,39979,65536,0,0,4294962583,65367,88,4294887867,260752,2
1112,39979,65536,0,0,4294962583,65367,88,4294887867,260752,2
1113,39979,65536,0,0,4294962583,65367,88,4294887867,260752,2
1114,39979,65536,0,0,4294962583,65367,88,4294887867,260752,2
1115,39979,65536,0,0,4294962583,65367,88,4294887867,260752,2
1116,39979,65536,0,0,4294962583,65367,88,4294887867,260752,2
1117,39979,65536,0,0,4294962583,65367,88,4294887867,260752,2
1118,39979,65536,0,0,4294962583,65367,88,4294887867,260752,2
1119,39979,65536,0,0,4294962583,65367,88,4294887867,260785,2
1120,39979,65536,0,0,4294962583,65367,88,4294887867,260785,2
1121,39979,65536,0,0,4294962583,65367,88,4294887867,260785,2
1122,39979,65536,0,0,4294962583,65367,88,4294887867,260785,2
1123,39979,65536,0,0,4294962583,65367,88,4294887867,260785,2
1124,39979,65536,0,0,4294962583,65367,88,4294887867,260785,2
1125,39979,65536,0,0,4294962583,65367,88,4294887867,260785,2
1126,39979,65536,0,0,4294962583,65367,88,4294887867,260785,2
1127,39979,65536,0,0,4294962583,65367,88,4294887867,260785,2
1128,39979,65536,0,0,4294962583,65367,89,4294887867,260785,2
1129,39979,65536,0,0,4294962583,65367,89,4294887867,260785,2
1130,39979,65536,0,0,4294962583,65367,89,4294887867,260785,2
1131,39979,65536,0,0,4294962583,65367,89,4294887867,260785,2
1132,39979,65536,0,0,4294962583,65367,89,4294887867,260785,2
1133,39979,65536,0,0,4294962583,65367,89,4294887867,260785,2
1134,39979,65536,0,0,4294962583,65367,89,4294887867,260785,2
1135,39979,65536,0,0,4294962583,65367,89,4294887867,260785,2
1136,39979,65536,0,0,4294962583,65367,89,4294887867,260785,2
1137,39979,65536,0,0,4294962583,65367,89,4294887867,260785,2
1138,39979,65536,0,0,4294962583,65367,89,4294887867,260785,2
1139,39979,65536,0,0,4294962583,65367,89,4294887867,260785,2
1140,39979,65536,0,0,4294962583,65367,89,4294887867,260785,2
1141,39979,65536,0,0,4294962583,65367,89,4294887867,260785,2
1142,39979,65536,0,0,4294962583,65367,89,4294887867,260785,2
1143,39979,65536,0,0,4294962583,65367,89,4294887867,260785,2
1144,39979,65536,0,0,4294962583,65367,89,4294887867,260785,2
1145,39979,65536,0,0,4294962583,65367,89,4294887867,260785,2
1146,39979,65536,0,0,4294962583,65367,89,4294887867,260785,2
1147,39979,65536,0,0,4294962583,65367,89,4294887867,260785,2
1148,39979,65536,0,0,4294962583,65367,89,4294887867,260785,2
1149,39979,65536,0,0,4294962583,65367,89,4294887867,260785,2
1150,39979,65536,0,0,4294962583,65367,89,4294887867,260785,2
1151,39979,65536,0,0,4294962583,65367,89,4294887867,260785,2
1152,39979,65536,0,0,4294962583,65367,89,4294887867,260785,2
1153,39979,65536,0,0,4294962583,65367,89,4294887867,260785,2
1154,39979,65536,0,0,4294962583,65367,89,4294887867,260785,2
1155,39979,65536,0,0,4294962583,65367,89,4294887867,260785,2
1156,39979,65536,0,0,4294962583,65367,89,4294887867,260785,2
1157,39979,65536,0,0,4294962583,65367,89,4294887867,260785,2
1158,39979,65536,0,0,4294962583,65367,89,4294887867,260785,2
1159,39979,65536,0,0,4294962583,65367,89,4294887867,260785,2
1160,39979,65536,0,0,4294962583,65367,89,4294887867,260785,2
1161,39979,65536,0,0,4294962583,65367,89,4294887867,260785,2
1162,39979,65536,0,0,4294962583,65367,89,4294887867,260785,2
1163,39979,65536,0,0,4294962583,65367,89,4294887867,260785,2
1164,39979,65536,0,0,4294962583,65367,89,4294887867,260785,2
1165,39979,65536,0,0,4294962583,65367,89,4294887867,260785,2
1166,39979,65536,0,0,4294962583,65367,89,4294887867,260785,2
1167,39979,65536,0,0,4294962583,65367,89,4294887867,260785,2
1168,39979,65536,0,0,4294962583,65367,89,4294887867,260785,2
1169,39979,65536,0,0,4294962583,65367,89,4294887867,260785,2
1170,39979,65536,0,0,4294962583,65367,89,4294887867,260785,2
1171,39979,65536,0,0,4294962583,65367,89,4294887867,260785,2
1172,39979,65536,0,0,4294962583,65367,89,4294887867,260785,2
1173,39979,65536,0,0,4294962583,65367,89,4294887867,260785,2
1174,39979,65536,0,0,4294962583,65367,89,4294887867,260785,2
1175,39979,65536,0,0,4294962583,65367,89,4294887867,260785,2
1176,39979,65536,0,0,4294962583,65367,89,4294887867,260785,2
1177,39979,65536,0,0,4294962583,65367,89,4294887867,260785,2
1178,39979,65536,0,0,4294962583,65367,89,4294887867,260785,2
1179,39979,65536,0,0,4294962583,65367,89,4294887867,260785,2
1180,39979,65536,0,0,4294962583,65367,89,4294887867,260785,2
1181,39979,65536,0,0,4294962583,65367,89,4294887867,260785,2
1182,39979,65536,0,0,4294962583,65367,89,4294887867,260785,2
1183,39979,65536,0,0,4294962583,65367,89,4294887867,260785,2
1184,39979,65536,0,0,4294962583,65367,89,4294887867,260785,2
1185,39979,65536,0,0,4294962583,65367,89,4294887867,260785,2
1186,39979,65536,0,0,4294962583,65367,89,4294887867,260785,2
1187,39979,65536,0,0,4294962583,65367,89,4294887867,260785,2
1188,39979,65536,0,0,4294962583,65367,89,4294887867,260785,2
1189,39979,65536,0,0,4294962583,65367,89,4294887867,260785,2
1190,39979,65536,0,0,4294962583,65367,89,4294887867,260785,2
1191,39979,65536,0,0,4294962583,65367,89,4294887867,260785,2
1192,39979,65536,0,0,4294962583,65367,89,4294887867,260785,2
1193,39979,65536,0,0,4294962583,65367,89,4294887867,260785,2
1194,39979,65536,0,0,4294962583,65367,89,4294887867,260785,2
1195,39979,65536,0,0,4294962583,65367,89,4294887867,260785,2
1196,39979,65536,0,0,4294962583,65367,89,4294887867,260785,2
1197,39979,65536,0,0,4294962583,65367,89,4294887867,260785,2
1198,39979,65536,0,0,4294962583,65367,89,4294887867,260785,2
1199,39979,65536,0,0,4294962583,65367,89,4294887867,260785,2
